"Settings","Hostname","Settings > General"
"Settings","Timezone","Settings > Date & Time > Date & Time"
"Settings","Login","Settings > General"
"Settings","Session","Settings > General > Session"
"Settings","Password","Settings > General > Password"
"Settings","Loose State Handling","NA"
"Settings","Banner","Settings > Banner"
"Logging","Syslog Servers","Logging > External Syslog"
"Network","Access Rules","Network > Access"
"Network","Bridge","Network > Bridging Interface > Bridging Interface"
"Network","Bypass Mode","Network > Bridging Interface > Bypass Mode"
"Settings","NTP Servers","Settings > Date & Time > NTP Servers"
"Settings","SMTP","Settings > SMTP"
"Settings","SNMP","Settings > SNMP"
"Network","Resolver","NA"
